City_ID,City,Country,Date,Lat,Lng,Max Temp,Humidity,Cloudiness,Wind Speed
0,Ushuaia,AR,2020-06-15 00:37:10,-54.8,-68.3,33.8,86,75,7.31
1,Narsaq,GL,2020-06-15 00:37:10,60.92,-46.05,42.8,78,0,20.8
2,Upernavik,GL,2020-06-15 00:37:10,72.79,-56.15,32.5,95,82,12.19
3,Lufilufi,WS,2020-06-15 00:37:10,-13.87,-171.6,82.4,83,75,10.29
4,Castro,BR,2020-06-15 00:37:10,-24.79,-50.01,54.18,91,83,8.97
5,Albany,US,2020-06-15 00:35:02,42.6,-73.97,64.0,59,75,6.08
6,Sur,OM,2020-06-15 00:37:11,22.57,59.53,87.8,51,0,4.88
7,Bethel,US,2020-06-15 00:33:57,41.37,-73.41,63.0,67,1,4.7
8,Bafra,TR,2020-06-15 00:37:11,41.57,35.91,59.0,93,20,1.12
9,Esperance,AU,2020-06-15 00:37:11,-33.87,121.9,51.8,81,41,12.75
10,Provideniya,RU,2020-06-15 00:37:12,64.38,-173.3,50.0,66,97,13.42
11,Kismayo,SO,2020-06-15 00:37:12,-0.36,42.55,77.74,80,14,15.41
12,Rikitea,PF,2020-06-15 00:37:12,-23.12,-134.97,76.08,86,97,11.54
13,Leningradskiy,RU,2020-06-15 00:34:47,69.38,178.42,47.01,73,40,6.62
14,Punta Arenas,CL,2020-06-15 00:37:12,-53.15,-70.92,37.4,93,100,11.41
15,Pevek,RU,2020-06-15 00:37:13,69.7,170.31,39.85,84,18,6.31
16,Amuntai,ID,2020-06-15 00:37:13,-2.42,115.25,82.83,75,29,1.39
17,Souillac,MU,2020-06-15 00:37:13,-20.52,57.52,71.6,73,20,8.05
18,New Norfolk,AU,2020-06-15 00:37:13,-42.78,147.06,57.0,78,100,4.0
19,Bollnas,SE,2020-06-15 00:37:13,61.35,16.39,51.01,81,0,3.02
20,Salalah,OM,2020-06-15 00:37:14,17.02,54.09,86.0,84,90,2.24
21,Cidreira,BR,2020-06-15 00:37:14,-30.18,-50.21,52.32,72,0,4.76
22,Kahului,US,2020-06-15 00:37:14,20.89,-156.47,86.0,51,40,24.16
23,Barrow,US,2020-06-15 00:34:34,71.29,-156.79,46.4,70,1,10.29
24,Cherskiy,RU,2020-06-15 00:33:05,68.75,161.3,70.79,35,25,3.76
25,Hermanus,ZA,2020-06-15 00:37:15,-34.42,19.23,52.0,96,59,4.21
26,Busselton,AU,2020-06-15 00:37:15,-33.65,115.33,57.99,70,100,8.88
27,Chegdomyn,RU,2020-06-15 00:37:15,51.12,133.02,66.06,40,100,3.85
28,Luderitz,NA,2020-06-15 00:37:15,-26.65,15.16,62.6,29,0,13.87
29,Severo-Kurilsk,RU,2020-06-15 00:34:43,50.68,156.12,41.52,91,100,14.23
30,Hilo,US,2020-06-15 00:37:15,19.73,-155.09,80.6,69,75,4.7
31,Kaitangata,NZ,2020-06-15 00:33:19,-46.28,169.85,48.0,54,100,3.0
32,Campbell River,CA,2020-06-15 00:37:16,50.02,-125.24,61.0,72,75,4.7
33,East London,ZA,2020-06-15 00:37:16,-33.02,27.91,58.75,41,2,10.25
34,Cape Town,ZA,2020-06-15 00:36:50,-33.93,18.42,54.0,93,75,1.12
35,Komsomolskiy,UZ,2020-06-15 00:37:17,40.43,71.72,75.2,29,92,4.7
36,Arraial Do Cabo,BR,2020-06-15 00:37:17,-22.97,-42.03,71.22,82,75,17.11
37,Jamestown,US,2020-06-15 00:36:45,42.1,-79.24,64.4,39,1,8.05
38,Nokaneng,BW,2020-06-15 00:37:17,-19.67,22.27,50.52,48,0,5.68
39,Bengkulu,ID,2020-06-15 00:37:18,-3.8,102.27,79.27,70,43,3.91
40,Butaritari,KI,2020-06-15 00:34:33,3.07,172.79,82.62,71,27,5.03
41,Torit,SS,2020-06-15 00:37:18,4.41,32.57,69.51,83,2,3.13
42,Mataura,NZ,2020-06-15 00:37:18,-46.19,168.86,47.44,69,100,5.23
43,Banska Bystrica,SK,2020-06-15 00:37:18,48.5,19.5,60.8,100,40,2.06
44,Meulaboh,ID,2020-06-15 00:37:19,4.14,96.13,79.54,86,85,5.77
45,Antofagasta,CL,2020-06-15 00:35:16,-23.65,-70.4,59.0,82,90,4.7
46,Puerto Ayora,EC,2020-06-15 00:37:19,-0.74,-90.35,75.2,73,40,12.75
47,Tucuman,AR,2020-06-15 00:37:19,-26.82,-65.22,51.8,62,0,5.82
48,Carnarvon,AU,2020-06-15 00:37:19,-24.87,113.63,65.19,33,0,18.12
49,Sarny,UA,2020-06-15 00:37:20,51.34,26.6,59.92,90,100,6.53
50,Mar Del Plata,AR,2020-06-15 00:34:58,-38.0,-57.56,48.99,55,0,4.7
51,Kloulklubed,PW,2020-06-15 00:37:20,7.04,134.26,82.4,83,75,5.82
52,Honiara,SB,2020-06-15 00:32:30,-9.43,159.95,84.2,70,75,6.93
53,Vaini,TO,2020-06-15 00:37:20,-21.2,-175.2,77.0,69,20,13.87
54,Georgetown,MY,2020-06-15 00:37:21,5.41,100.34,80.6,94,20,5.48
55,Baglan,AF,2020-06-15 00:37:21,36.13,68.71,77.67,21,0,1.95
56,Manjacaze,MZ,2020-06-15 00:37:21,-24.71,33.88,56.39,88,0,2.68
57,Lompoc,US,2020-06-15 00:36:22,34.64,-120.46,64.4,72,0,18.34
58,Puerto Lleras,CO,2020-06-15 00:37:22,3.02,-73.4,71.15,96,90,1.36
59,Torbay,CA,2020-06-15 00:34:55,47.67,-52.73,44.01,93,90,11.41
60,Tasiilaq,GL,2020-06-15 00:37:23,65.61,-37.64,37.4,86,100,31.09
61,Tura,IN,2020-06-15 00:37:23,25.52,90.22,78.35,90,14,5.26
62,Port Alfred,ZA,2020-06-15 00:34:34,-33.59,26.89,57.0,89,90,3.0
63,Sidi Ali,DZ,2020-06-15 00:37:23,36.1,0.42,65.89,60,0,7.63
64,Ostrovnoy,RU,2020-06-15 00:37:23,68.05,39.51,54.1,59,64,2.71
65,Oktyabrskiy,RU,2020-06-15 00:37:23,54.48,53.47,46.6,87,0,2.77
66,Tonekabon,IR,2020-06-15 00:37:24,36.82,50.87,75.2,69,0,2.24
67,Tecoanapa,MX,2020-06-15 00:37:24,16.52,-98.75,83.12,74,98,6.17
68,Flinders,AU,2020-06-15 00:37:24,-34.58,150.86,64.0,58,0,15.01
69,Mogadishu,SO,2020-06-15 00:34:58,2.04,45.34,78.55,80,100,18.37
70,Vidim,RU,2020-06-15 00:37:24,56.41,103.11,70.05,55,64,6.67
71,Los Llanos De Aridane,ES,2020-06-15 00:37:25,28.66,-17.92,71.6,88,93,8.05
72,Xining,CN,2020-06-15 00:37:25,36.62,101.77,60.8,61,100,0.92
73,Hobart,AU,2020-06-15 00:37:25,-42.88,147.33,57.0,62,40,10.29
74,Vestmannaeyjar,IS,2020-06-15 00:37:25,63.44,-20.27,48.94,94,100,26.11
75,Namibe,AO,2020-06-15 00:37:25,-15.2,12.15,68.54,66,0,1.77
76,Richards Bay,ZA,2020-06-15 00:37:26,-28.78,32.04,53.17,49,0,4.68
77,Tuktoyaktuk,CA,2020-06-15 00:37:26,69.45,-133.04,68.0,42,20,12.75
78,Maumere,ID,2020-06-15 00:37:26,-8.62,122.21,82.18,70,28,5.68
79,Kapaa,US,2020-06-15 00:37:27,22.08,-159.32,82.4,69,40,16.11
80,Yellowknife,CA,2020-06-15 00:34:54,62.46,-114.35,68.0,40,75,19.46
81,Bluff,NZ,2020-06-15 00:37:27,-46.6,168.33,52.99,69,100,18.25
82,Kruisfontein,ZA,2020-06-15 00:37:27,-34.0,24.73,53.83,90,100,8.12
83,Port Macquarie,AU,2020-06-15 00:37:27,-31.43,152.92,66.0,67,0,5.82
84,Ena,JP,2020-06-15 00:37:28,35.45,137.41,87.01,63,43,5.66
85,Galway,IE,2020-06-15 00:37:28,53.27,-9.05,57.2,87,75,2.24
86,Shache,CN,2020-06-15 00:37:28,38.42,77.24,74.89,26,40,4.21
87,Necochea,AR,2020-06-15 00:34:34,-38.55,-58.74,39.99,78,0,5.01
88,Harper,LR,2020-06-15 00:37:28,4.38,-7.72,78.26,86,100,7.87
89,Samarai,PG,2020-06-15 00:37:29,-10.62,150.67,80.51,85,9,15.59
90,Kisangani,CD,2020-06-15 00:37:29,0.52,25.2,69.82,87,87,2.17
91,Mildura,AU,2020-06-15 00:37:29,-34.2,142.15,57.99,71,75,10.29
92,Bambanglipuro,ID,2020-06-15 00:37:29,-7.95,110.28,82.26,80,7,7.05
93,Mangai,CD,2020-06-15 00:37:30,-4.05,19.53,69.91,72,58,0.96
94,Norman Wells,CA,2020-06-15 00:37:30,65.28,-126.83,68.0,49,75,14.99
95,Atuona,PF,2020-06-15 00:37:30,-9.8,-139.03,80.46,73,5,13.44
96,Les Trois-Bassins,RE,2020-06-15 00:37:30,-21.1,55.3,69.8,83,12,14.99
97,Korla,CN,2020-06-15 00:37:30,41.76,86.15,77.76,20,0,13.4
98,Fortuna,US,2020-06-15 00:32:51,40.6,-124.16,64.99,68,40,14.99
99,Trud,BG,2020-06-15 00:37:31,42.23,24.73,62.6,93,75,4.7
100,Hailar,CN,2020-06-15 00:37:31,49.2,119.7,66.33,43,22,7.99
101,Campoverde,PE,2020-06-15 00:37:31,-8.48,-74.81,76.3,78,67,1.3
102,Buncrana,IE,2020-06-15 00:37:31,55.13,-7.45,52.61,93,100,3.29
103,Jinzhou,CN,2020-06-15 00:37:32,41.11,121.14,85.82,23,0,15.35
104,Altay,CN,2020-06-15 00:35:46,47.87,88.12,68.16,39,0,1.66
105,Ribeira Grande,PT,2020-06-15 00:37:32,38.52,-28.7,61.74,79,82,12.68
106,Roma,US,2020-06-15 00:37:32,43.21,-75.46,64.0,51,90,3.36
107,Yangcun,CN,2020-06-15 00:37:32,39.36,117.06,91.0,26,23,4.47
108,Portland,US,2020-06-15 00:37:33,45.52,-122.68,69.01,40,75,5.82
109,Chardara,KZ,2020-06-15 00:37:33,41.25,67.97,73.89,45,0,7.99
110,Ilulissat,GL,2020-06-15 00:34:56,69.22,-51.1,33.8,74,100,9.17
111,Dikson,RU,2020-06-15 00:33:04,73.51,80.55,31.75,96,0,11.32
112,Dorado,PR,2020-06-15 00:37:33,18.46,-66.27,84.2,70,20,11.41
113,Havoysund,NO,2020-06-15 00:37:34,71.0,24.66,44.6,75,75,25.28
114,Thompson,CA,2020-06-15 00:37:34,55.74,-97.86,84.2,37,40,6.93
115,Hithadhoo,MV,2020-06-15 00:36:32,-0.6,73.08,83.93,74,20,10.38
116,Vardo,NO,2020-06-15 00:37:34,70.37,31.11,46.94,88,100,9.04
117,Diamantino,BR,2020-06-15 00:37:35,-14.41,-56.45,70.43,87,0,4.83
118,Nexo,DK,2020-06-15 00:37:35,55.06,15.13,53.6,93,0,8.05
119,Luba,GQ,2020-06-15 00:35:20,3.46,8.55,77.0,88,20,3.36
120,Guerrero Negro,MX,2020-06-15 00:37:35,27.98,-114.06,68.41,66,0,19.8
121,Moree,AU,2020-06-15 00:37:35,-29.47,149.85,53.6,71,0,8.05
122,Kulhudhuffushi,MV,2020-06-15 00:37:36,6.62,73.07,84.72,77,100,16.04
123,Petropavlovsk-Kamchatskiy,RU,2020-06-15 00:37:36,53.05,158.65,50.0,66,92,8.95
124,Ayr,GB,2020-06-15 00:34:25,55.46,-4.63,60.01,93,40,3.36
125,Qaanaaq,GL,2020-06-15 00:37:36,77.48,-69.36,40.8,68,0,3.06
126,Bathsheba,BB,2020-06-15 00:37:36,13.22,-59.52,82.4,74,40,19.46
127,Alice Springs,AU,2020-06-15 00:36:27,-23.7,133.88,57.2,50,10,8.05
128,Tateyama,JP,2020-06-15 00:37:37,34.98,139.87,84.0,83,75,18.34
129,Boyabat,TR,2020-06-15 00:37:37,41.47,34.77,58.03,77,14,0.78
130,Tiksi,RU,2020-06-15 00:37:37,71.69,128.87,53.1,65,86,14.58
131,Davidson,US,2020-06-15 00:37:37,36.15,-86.78,78.8,44,20,6.93
132,Huarmey,PE,2020-06-15 00:37:38,-10.07,-78.15,63.48,82,6,6.35
133,Saint-Philippe,RE,2020-06-15 00:37:38,-21.36,55.77,69.8,83,35,14.99
134,Ancud,CL,2020-06-15 00:34:51,-41.87,-73.82,48.0,100,90,1.12
135,Saldanha,ZA,2020-06-15 00:37:38,-33.01,17.94,55.4,87,0,1.12
136,Cayenne,GF,2020-06-15 00:34:23,4.93,-52.33,78.8,88,100,2.93
137,Hasaki,JP,2020-06-15 00:37:38,35.73,140.83,84.99,69,75,6.93
138,Kangaatsiaq,GL,2020-06-15 00:37:39,68.31,-53.46,33.26,91,100,16.28
139,Imperia,IT,2020-06-15 00:37:39,43.97,7.78,66.0,93,20,5.82
140,Fort Nelson,CA,2020-06-15 00:35:22,58.81,-122.7,51.8,93,90,12.75
141,Camalu,MX,2020-06-15 00:37:39,30.85,-116.07,69.01,47,0,8.99
142,Pacific Grove,US,2020-06-15 00:37:39,36.62,-121.92,63.0,77,90,11.41
143,Faanui,PF,2020-06-15 00:37:40,-16.48,-151.75,79.52,79,99,8.52
144,Etoka,RU,2020-06-15 00:37:40,43.92,43.05,62.6,88,93,2.24
145,Ola,RU,2020-06-15 00:33:05,59.58,151.28,54.88,65,25,7.09
146,Shimoda,JP,2020-06-15 00:37:40,34.67,138.95,78.8,83,75,18.34
147,Khatanga,RU,2020-06-15 00:37:40,71.97,102.5,60.49,33,46,12.57
148,Rodrigues Alves,BR,2020-06-15 00:37:41,-7.74,-72.65,72.46,97,100,2.48
149,Coihaique,CL,2020-06-15 00:37:41,-45.58,-72.07,39.2,93,40,5.82
150,Padang,ID,2020-06-15 00:33:38,-0.95,100.35,82.11,74,4,2.28
151,Igarka,RU,2020-06-15 00:37:41,67.47,86.58,51.82,65,100,13.06
152,Nanortalik,GL,2020-06-15 00:37:41,60.14,-45.24,37.87,85,96,18.39
153,Sarandi,BR,2020-06-15 00:37:42,-23.44,-51.87,63.14,86,0,9.75
154,Port Elizabeth,ZA,2020-06-15 00:37:42,-33.92,25.57,59.0,77,40,12.75
155,Iwanai,JP,2020-06-15 00:37:42,42.97,140.51,67.95,82,81,7.02
156,Riyadh,SA,2020-06-15 00:37:42,24.69,46.72,84.2,28,0,3.42
157,Chokurdakh,RU,2020-06-15 00:37:42,70.63,147.92,77.74,31,100,14.14
158,Constitucion,CL,2020-06-15 00:35:47,-35.33,-72.42,50.68,64,31,4.09
159,Hamilton,US,2020-06-15 00:33:47,39.18,-84.53,71.6,40,1,12.75
160,Goderich,CA,2020-06-15 00:35:12,43.75,-81.72,57.99,77,35,7.7
161,Giyani,ZA,2020-06-15 00:37:43,-23.3,30.72,50.79,70,0,3.29
162,Ixtapa,MX,2020-06-15 00:37:43,20.7,-105.2,84.2,62,75,9.17
163,Kenai,US,2020-06-15 00:37:44,60.55,-151.26,60.8,66,1,11.41
164,Bredasdorp,ZA,2020-06-15 00:37:44,-34.53,20.04,55.4,87,100,1.95
165,Novobirilyussy,RU,2020-06-15 00:37:44,56.95,90.67,50.43,80,99,6.42
166,Zabid,YE,2020-06-15 00:37:44,14.2,43.32,87.67,67,54,5.91
167,Socorro,US,2020-06-15 00:34:07,31.65,-106.3,96.8,13,40,9.17
168,Malabuyoc,PH,2020-06-15 00:37:45,9.65,123.33,87.8,66,75,4.7
169,Sabang,ID,2020-06-15 00:37:45,5.89,95.32,83.66,73,100,9.44
170,Tarimoro,MX,2020-06-15 00:37:45,20.28,-100.75,82.4,18,20,5.82
171,Kodiak,US,2020-06-15 00:37:45,57.79,-152.41,55.4,71,75,10.29
172,Geraldton,AU,2020-06-15 00:37:45,-28.77,114.6,53.6,87,0,9.17
173,Galveston,US,2020-06-15 00:36:31,29.37,-94.97,86.0,62,1,10.29
174,Beringovskiy,RU,2020-06-15 00:36:13,63.05,179.32,40.64,89,96,11.16
175,Mitzic,GA,2020-06-15 00:37:46,0.78,11.55,69.35,100,96,3.11
176,Te Anau,NZ,2020-06-15 00:37:46,-45.42,167.72,53.38,77,100,8.37
177,Xuddur,SO,2020-06-15 00:37:46,4.12,43.89,70.52,74,5,16.17
178,Avarua,CK,2020-06-15 00:37:47,-21.21,-159.78,73.4,64,75,6.93
179,Saint George,US,2020-06-15 00:34:18,37.1,-113.58,93.0,9,1,13.87
180,Lhokseumawe,ID,2020-06-15 00:37:47,5.18,97.15,80.82,81,99,5.26
181,Esfarayen,IR,2020-06-15 00:37:47,37.08,57.51,68.0,45,20,2.24
182,Husavik,IS,2020-06-15 00:37:47,66.04,-17.34,51.8,71,0,17.22
183,Svetlogorsk,BY,2020-06-15 00:37:48,52.63,29.73,63.46,98,95,8.52
184,Iqaluit,CA,2020-06-15 00:34:45,63.75,-68.51,37.4,90,75,17.22
185,Grand-Lahou,CI,2020-06-15 00:37:48,5.14,-5.02,78.22,89,85,7.05
186,Teguldet,RU,2020-06-15 00:37:48,57.31,88.17,51.08,68,84,6.71
187,Biak,ID,2020-06-15 00:37:48,-0.91,122.88,81.75,75,23,6.89
188,Berlevag,NO,2020-06-15 00:37:48,70.86,29.09,45.91,75,99,23.71
189,Jacqueville,CI,2020-06-15 00:37:49,5.21,-4.41,78.8,94,40,3.36
190,Longyearbyen,SJ,2020-06-15 00:35:11,78.22,15.64,35.6,74,75,8.05
191,Khash,IR,2020-06-15 00:37:49,28.22,61.22,71.51,21,0,0.74
192,Kudahuvadhoo,MV,2020-06-15 00:36:55,2.67,72.89,84.38,78,31,13.91
193,Baft,IR,2020-06-15 00:37:50,29.23,56.61,69.87,18,29,6.67
194,Pangnirtung,CA,2020-06-15 00:37:50,66.15,-65.71,34.99,85,84,2.86
195,Soanierana Ivongo,MG,2020-06-15 00:37:50,-16.92,49.58,66.36,87,76,8.03
196,Port-Gentil,GA,2020-06-15 00:35:28,-0.72,8.78,75.2,94,90,10.29
197,Lavrentiya,RU,2020-06-15 00:37:50,65.58,-171.0,51.96,60,88,5.32
198,San Policarpo,PH,2020-06-15 00:37:50,12.18,125.51,84.99,71,100,5.61
199,High Level,CA,2020-06-15 00:37:51,58.52,-117.14,64.4,82,90,4.7
200,Santa Maria,BR,2020-06-15 00:37:51,-29.68,-53.81,44.6,87,0,4.7
201,Christchurch,NZ,2020-06-15 00:33:57,-43.53,172.63,57.99,66,59,3.36
202,Soyo,AO,2020-06-15 00:37:51,-6.13,12.37,71.11,90,0,4.29
203,Lagoa,PT,2020-06-15 00:37:51,39.05,-27.98,62.37,76,0,13.29
204,Bingol,TR,2020-06-15 00:37:52,38.88,40.49,50.0,93,100,4.32
205,Astana,KZ,2020-06-15 00:36:53,51.18,71.45,51.8,62,99,13.42
206,Korop,UA,2020-06-15 00:37:52,51.57,32.96,64.24,97,100,8.7
207,Saskylakh,RU,2020-06-15 00:37:53,71.92,114.08,54.59,41,0,8.99
208,Mount Isa,AU,2020-06-15 00:37:53,-20.73,139.5,69.8,32,0,12.75
209,Port Moresby,PG,2020-06-15 00:37:53,-9.44,147.18,84.2,79,75,11.41
210,Vila Velha,BR,2020-06-15 00:33:50,-20.33,-40.29,75.2,83,40,11.41
211,Jaru,BR,2020-06-15 00:37:53,-10.44,-62.47,72.64,94,100,3.27
212,Fairbanks,US,2020-06-15 00:36:29,64.84,-147.72,62.6,82,90,4.7
213,Priargunsk,RU,2020-06-15 00:37:54,50.37,119.1,69.1,41,42,5.91
214,Jurado,CO,2020-06-15 00:37:54,7.11,-77.76,79.05,83,100,3.29
215,Magadan,RU,2020-06-15 00:37:54,59.57,150.8,57.4,56,2,4.99
216,Arys,KZ,2020-06-15 00:37:55,42.43,68.8,68.0,49,40,4.47
217,Wloszczowa,PL,2020-06-15 00:37:55,50.85,19.97,57.99,100,0,4.5
218,Santana,BR,2020-06-15 00:37:55,-0.06,-51.18,80.6,100,70,6.93
219,Sioux Lookout,CA,2020-06-15 00:36:15,50.1,-91.92,71.6,28,40,13.87
220,Nago,JP,2020-06-15 00:37:55,26.59,127.98,84.2,83,1,17.22
221,Buraydah,SA,2020-06-15 00:35:27,26.33,43.98,89.6,21,0,12.75
222,Aykhal,RU,2020-06-15 00:37:56,66.0,111.5,46.4,87,90,11.18
223,Bireun,ID,2020-06-15 00:37:56,5.2,96.7,80.47,79,100,5.19
224,Eganville,CA,2020-06-15 00:37:56,45.53,-77.1,66.2,37,1,4.7
225,Cabedelo,BR,2020-06-15 00:37:56,-6.98,-34.83,75.2,94,40,10.29
226,Sobolevo,RU,2020-06-15 00:37:56,54.43,31.9,61.72,93,100,11.01
227,Yar-Sale,RU,2020-06-15 00:37:57,66.83,70.83,42.49,61,13,17.81
228,Madang,PG,2020-06-15 00:37:57,-5.22,145.8,88.5,58,100,0.78
229,Qarqin,AF,2020-06-15 00:37:57,37.42,66.04,83.07,15,0,2.89
230,Cam Ranh,VN,2020-06-15 00:37:57,11.92,109.16,86.0,74,40,6.93
231,Tuatapere,NZ,2020-06-15 00:36:48,-46.13,167.68,56.41,71,100,7.96
232,San Patricio,MX,2020-06-15 00:37:58,19.22,-104.7,84.2,79,20,11.41
233,Shubarkuduk,KZ,2020-06-15 00:37:58,49.14,56.49,54.45,61,0,14.72
234,Antsohihy,MG,2020-06-15 00:37:58,-14.88,47.99,72.97,54,93,10.27
235,Arman,RU,2020-06-15 00:37:58,59.7,150.17,60.24,50,0,5.59
236,Sao Joao Da Barra,BR,2020-06-15 00:37:58,-21.64,-41.05,71.76,89,14,16.84
237,Pisco,PE,2020-06-15 00:37:59,-13.7,-76.22,66.2,77,90,5.82
238,Ntungamo,UG,2020-06-15 00:37:59,-0.88,29.65,63.99,89,97,2.24
239,Touros,BR,2020-06-15 00:33:18,-5.2,-35.46,75.2,94,20,3.36
240,Cockburn Town,TC,2020-06-15 00:37:59,21.46,-71.14,84.2,74,40,9.17
241,Axim,GH,2020-06-15 00:37:59,4.87,-2.24,77.72,89,95,7.81
242,Venado Tuerto,AR,2020-06-15 00:38:00,-33.75,-61.97,42.01,60,87,4.0
243,Broken Hill,AU,2020-06-15 00:38:00,-31.95,141.43,55.4,54,0,13.87
244,Codrington,AU,2020-06-15 00:35:35,-38.27,141.97,58.32,80,53,18.05
245,Kasempa,ZM,2020-06-15 00:38:00,-13.46,25.83,49.1,93,0,5.1
246,Klaksvik,FO,2020-06-15 00:38:01,62.23,-6.59,48.2,93,7,2.24
247,Chalus,IR,2020-06-15 00:38:01,36.66,51.42,73.4,78,0,4.7
248,Perivolion,GR,2020-06-15 00:38:01,39.42,20.01,68.0,77,0,3.6
249,Mahebourg,MU,2020-06-15 00:34:55,-20.41,57.7,71.6,73,20,8.05
250,Nhulunbuy,AU,2020-06-15 00:38:02,-12.23,136.77,84.2,66,20,17.22
251,Beloha,MG,2020-06-15 00:38:02,-25.17,45.05,59.0,95,0,6.76
252,Cangucu,BR,2020-06-15 00:38:02,-31.39,-52.68,37.99,95,0,3.8
253,Rovinj,HR,2020-06-15 00:38:02,45.08,13.64,64.0,87,100,2.24
254,Cairns,AU,2020-06-15 00:38:02,-16.92,145.77,78.8,83,75,12.75
255,Walvis Bay,NA,2020-06-15 00:38:03,-22.96,14.51,68.0,16,0,14.99
256,Khartoum,SD,2020-06-15 00:35:08,15.55,32.53,86.0,40,100,19.46
257,Puerto Narino,CO,2020-06-15 00:38:03,-3.77,-70.38,80.6,100,75,2.24
258,Mbanza-Ngungu,CD,2020-06-15 00:38:03,-5.25,14.87,65.62,98,0,3.18
259,Kwinana,AU,2020-06-15 00:38:03,-32.25,115.77,60.01,93,90,5.82
260,Zabaykalsk,RU,2020-06-15 00:38:04,49.63,117.32,71.26,32,100,7.72
261,San Quintin,MX,2020-06-15 00:34:20,30.48,-115.95,67.57,70,0,14.29
262,Kavieng,PG,2020-06-15 00:38:04,-2.57,150.8,84.56,73,100,9.95
263,Marawi,PH,2020-06-15 00:38:04,8.0,124.29,82.99,81,44,5.01
264,Mehamn,NO,2020-06-15 00:38:05,71.04,27.85,44.73,77,94,30.0
265,Ust-Nera,RU,2020-06-15 00:35:40,64.57,143.2,69.57,35,92,3.8
266,Matadi,CD,2020-06-15 00:38:05,-5.82,13.45,69.93,86,0,1.99
267,Abu Dhabi,AE,2020-06-15 00:38:05,24.47,54.37,88.0,79,0,2.24
268,Behshahr,IR,2020-06-15 00:38:05,36.69,53.55,73.4,88,0,4.7
269,Ginir,ET,2020-06-15 00:38:06,7.13,40.7,58.35,92,100,7.7
270,Bandarbeyla,SO,2020-06-15 00:38:06,9.49,50.81,81.14,64,98,25.08
271,Springdale,US,2020-06-15 00:35:28,36.19,-94.13,87.8,58,40,9.17
272,Sangin,AF,2020-06-15 00:38:06,32.07,64.84,78.53,15,0,10.85
273,Najran,SA,2020-06-15 00:38:06,17.49,44.13,77.0,23,0,1.86
274,Port Hardy,CA,2020-06-15 00:34:51,50.7,-127.42,59.0,62,75,6.93
275,Ahipara,NZ,2020-06-15 00:38:07,-35.17,173.17,61.52,64,90,10.09
276,Tolaga Bay,NZ,2020-06-15 00:35:01,-38.37,178.3,55.33,52,0,7.78
277,Marsabit,KE,2020-06-15 00:38:07,2.33,37.99,61.93,83,12,16.8
278,Cabo San Lucas,MX,2020-06-15 00:33:53,22.89,-109.91,93.99,28,5,17.22
279,Sao Filipe,CV,2020-06-15 00:34:48,14.9,-24.5,77.23,77,1,8.52
280,Salaga,GH,2020-06-15 00:38:08,8.55,-0.52,77.68,83,4,6.69
281,Peniche,PT,2020-06-15 00:38:08,39.36,-9.38,60.01,88,0,2.55
282,Yarmouth,US,2020-06-15 00:34:48,41.71,-70.23,62.6,67,1,8.05
283,Bambous Virieux,MU,2020-06-15 00:34:40,-20.34,57.76,71.6,73,20,8.05
284,Darhan,MN,2020-06-15 00:38:09,49.49,105.92,73.33,37,40,5.48
285,Dogondoutchi,NE,2020-06-15 00:38:09,13.64,4.03,89.08,37,98,6.62
286,Kuala Lumpur,MY,2020-06-15 00:38:07,3.14,101.69,80.01,88,20,1.57
287,Ucluelet,CA,2020-06-15 00:37:37,48.93,-125.55,59.0,72,75,13.87
288,Boguchany,RU,2020-06-15 00:38:10,58.38,97.45,57.6,64,85,6.64
289,Knysna,ZA,2020-06-15 00:38:10,-34.04,23.05,51.8,100,100,4.7
290,Yarim,YE,2020-06-15 00:38:11,14.3,44.38,60.98,32,79,6.31
291,Naron,ES,2020-06-15 00:38:11,43.52,-8.15,60.01,87,50,8.05
292,La Palma,US,2020-06-15 00:38:11,33.85,-118.05,82.99,41,1,6.93
293,Chuy,UY,2020-06-15 00:38:11,-33.7,-53.46,44.22,67,0,2.95
294,Falun,SE,2020-06-15 00:38:11,60.6,15.63,60.8,48,0,5.82
295,Westport,US,2020-06-15 00:33:55,41.14,-73.36,66.99,52,1,5.82
296,North Platte,US,2020-06-15 00:36:11,41.12,-100.77,95.0,20,1,19.46
297,Matara,LK,2020-06-15 00:38:12,5.95,80.54,81.3,86,95,10.16
298,Adrar,MR,2020-06-15 00:38:12,20.5,-10.07,96.39,16,0,12.39
299,Katsuura,JP,2020-06-15 00:38:12,35.13,140.3,84.99,83,75,5.82
300,Takoradi,GH,2020-06-15 00:37:36,4.88,-1.76,78.24,89,100,8.75
301,Belle Fourche,US,2020-06-15 00:38:13,44.67,-103.85,88.0,18,15,32.99
302,Chapais,CA,2020-06-15 00:38:13,49.78,-74.85,62.6,29,1,3.36
303,Whitefish,US,2020-06-15 00:34:01,48.41,-114.34,60.8,38,20,14.99
304,Mmabatho,ZA,2020-06-15 00:38:13,-25.85,25.63,33.8,64,0,3.36
305,Alghero,IT,2020-06-15 00:38:14,40.56,8.32,66.2,82,0,3.36
306,Bandundu,CD,2020-06-15 00:38:14,-3.32,17.37,75.6,71,44,2.08
307,Coruripe,BR,2020-06-15 00:34:39,-10.13,-36.18,75.47,85,9,9.17
308,Tabas,IR,2020-06-15 00:38:14,33.6,56.92,86.0,12,0,4.7
309,Leshukonskoye,RU,2020-06-15 00:38:14,64.9,45.76,58.73,74,3,8.37
310,Ingham,US,2020-06-15 00:38:15,42.6,-84.38,66.2,34,1,6.93
311,Ngunguru,NZ,2020-06-15 00:38:15,-35.62,174.5,61.0,79,21,10.0
312,Forest Grove,US,2020-06-15 00:38:15,45.52,-123.11,66.99,45,75,9.17
313,Kindu,CD,2020-06-15 00:38:15,-2.95,25.95,68.58,72,16,1.83
314,Zhukovka,RU,2020-06-15 00:38:15,53.53,33.73,60.13,94,58,8.72
315,Aberdeen,GB,2020-06-15 00:38:16,57.14,-2.1,53.01,100,90,2.24
316,Montijo,PT,2020-06-15 00:38:12,38.71,-8.97,62.01,82,20,4.7
317,Clyde River,CA,2020-06-15 00:38:16,70.47,-68.59,35.6,90,1,31.09
318,Coquimbo,CL,2020-06-15 00:38:16,-29.95,-71.34,57.2,82,75,4.7
319,Muzhi,RU,2020-06-15 00:38:16,65.37,64.67,50.23,61,22,11.36
320,Skjervoy,NO,2020-06-15 00:38:17,70.03,20.97,46.0,82,100,17.67
321,Airai,TL,2020-06-15 00:38:17,-8.93,125.41,69.04,76,27,5.26
322,Ponta Do Sol,PT,2020-06-15 00:38:17,32.67,-17.1,68.0,72,20,2.24
323,Dunedin,NZ,2020-06-15 00:38:17,-45.87,170.5,51.01,54,100,1.01
324,Suntar,RU,2020-06-15 00:38:17,62.14,117.63,65.71,42,0,7.27
325,Aklavik,CA,2020-06-15 00:38:18,68.22,-135.01,78.8,24,20,10.29
326,Atikokan,CA,2020-06-15 00:38:18,48.76,-91.62,63.88,45,64,9.62
327,Seoul,KR,2020-06-15 00:35:06,37.57,126.98,71.6,78,83,5.82
328,Roslyakovo,RU,2020-06-15 00:38:18,69.04,33.2,53.6,62,100,2.24
329,Leh,IN,2020-06-15 00:38:18,34.17,77.58,47.34,49,2,3.89
330,Sorsk,RU,2020-06-15 00:36:32,54.0,90.25,52.23,90,100,4.79
331,Zhuhai,CN,2020-06-15 00:38:19,22.28,113.57,84.99,94,40,11.41
332,Yuanping,CN,2020-06-15 00:38:19,38.72,112.76,78.3,25,30,0.85
333,North Bend,US,2020-06-15 00:34:57,43.41,-124.22,64.99,77,90,5.82
334,Kirakira,SB,2020-06-15 00:38:19,-10.45,161.92,84.49,73,35,14.58
335,Palmer,US,2020-06-15 00:38:19,42.16,-72.33,68.0,49,75,5.82
336,Bowen,AU,2020-06-15 00:38:20,-20.02,148.23,80.01,83,48,9.17
337,Terrace,CA,2020-06-15 00:35:18,54.52,-128.6,55.4,76,90,14.99
338,Zhigansk,RU,2020-06-15 00:34:49,66.77,123.37,54.95,63,0,2.39
339,Simao,CN,2020-06-15 00:38:20,22.79,100.97,70.7,92,69,3.13
340,The Valley,AI,2020-06-15 00:38:21,18.22,-63.06,82.99,74,20,10.29
341,Iquique,CL,2020-06-15 00:38:21,-20.22,-70.14,62.6,72,90,4.7
342,Ostrogozhsk,RU,2020-06-15 00:38:21,50.87,39.08,59.0,85,100,13.44
343,Wonthaggi,AU,2020-06-15 00:38:21,-38.6,145.59,61.0,84,100,18.68
344,Masterton,NZ,2020-06-15 00:38:22,-40.96,175.66,53.01,87,66,1.01
345,Sale,MA,2020-06-15 00:38:22,34.04,-6.82,66.0,87,0,5.82
346,Tarakan,ID,2020-06-15 00:38:22,3.3,117.63,79.65,78,100,4.45
347,Paysandu,UY,2020-06-15 00:37:40,-32.32,-58.08,42.01,76,0,8.46
348,Taoudenni,ML,2020-06-15 00:38:22,22.68,-3.98,98.08,15,0,10.76
349,Uruzgan,AF,2020-06-15 00:38:23,32.83,66.0,65.53,24,0,8.7
350,Jinhua,CN,2020-06-15 00:38:23,29.11,119.65,87.62,73,44,2.06
351,Port-Cartier,CA,2020-06-15 00:38:23,50.03,-66.87,51.8,57,5,3.36
352,Gaoual,GN,2020-06-15 00:38:23,11.75,-13.2,80.49,73,100,6.02
353,Grindavik,IS,2020-06-15 00:38:23,63.84,-22.43,48.2,100,90,25.28
354,Dowa,MW,2020-06-15 00:38:23,-13.65,33.94,48.67,99,30,2.1
355,Novyye Burasy,RU,2020-06-15 00:38:24,52.13,46.07,60.01,38,46,4.0
356,Barcelos,PT,2020-06-15 00:38:24,41.54,-8.62,60.01,93,100,1.14
357,Egvekinot,RU,2020-06-15 00:38:24,66.32,-179.17,46.72,72,48,5.28
358,Henties Bay,NA,2020-06-15 00:38:24,-22.12,14.28,59.92,52,0,6.15
359,Ayan,RU,2020-06-15 00:38:25,56.45,138.17,45.55,80,86,9.04
360,Karema,TZ,2020-06-15 00:38:25,-6.82,30.44,67.57,58,0,7.09
361,Ossora,RU,2020-06-15 00:38:25,59.24,163.07,56.98,54,0,6.98
362,Gizo,SB,2020-06-15 00:38:25,-8.1,156.84,85.55,68,97,6.98
363,Chiman,PK,2020-06-15 00:38:26,32.55,73.81,78.8,65,0,5.93
364,Faya,SA,2020-06-15 00:36:06,18.39,42.45,73.4,30,43,3.76
365,Orlik,RU,2020-06-15 00:38:26,52.52,99.83,64.11,45,5,1.05
366,Itarema,BR,2020-06-15 00:37:51,-2.92,-39.92,76.84,85,16,9.6
367,Ishigaki,JP,2020-06-15 00:33:42,24.34,124.16,86.0,89,40,11.41
368,Taboga,IT,2020-06-15 00:38:27,46.27,13.11,64.0,94,100,2.24
369,Semirom,IR,2020-06-15 00:38:27,31.42,51.57,52.56,37,0,0.51
370,Mareeba,AU,2020-06-15 00:38:27,-17.0,145.43,78.8,83,75,12.75
371,Pakhni,GR,2020-06-15 00:38:27,41.3,24.9,70.0,94,75,10.29
372,Shizilu,CN,2020-06-15 00:38:27,35.17,118.83,83.01,45,87,5.44
373,Meadow Lake,US,2020-06-15 00:38:28,34.8,-106.54,82.4,15,75,19.46
374,Hendrina,ZA,2020-06-15 00:38:28,-26.16,29.72,28.99,75,0,2.13
375,Saint-Francois,FR,2020-06-15 00:36:07,46.42,3.91,57.2,76,0,2.24
376,Bubaque,GW,2020-06-15 00:38:28,11.28,-15.83,81.36,81,100,10.38
377,Svetlograd,RU,2020-06-15 00:38:29,45.34,42.85,62.6,77,75,8.95
378,Port Lincoln,AU,2020-06-15 00:35:39,-34.73,135.87,62.65,74,1,17.34
379,Lasa,IT,2020-06-15 00:38:29,46.62,10.7,50.0,87,90,4.7
380,Baruun-Urt,MN,2020-06-15 00:38:29,46.68,113.28,73.69,34,0,4.27
381,Moss Vale,AU,2020-06-15 00:38:30,-34.55,150.38,64.0,54,0,21.92
382,Port Hedland,AU,2020-06-15 00:38:30,-20.32,118.57,71.6,21,0,14.99
383,Ketchikan,US,2020-06-15 00:34:45,55.34,-131.65,59.0,58,20,14.99
384,Zhaotong,CN,2020-06-15 00:38:30,27.32,103.72,67.78,78,26,4.63
385,Marsaxlokk,MT,2020-06-15 00:38:31,35.84,14.54,70.0,68,65,12.75
386,Katherine,AU,2020-06-15 00:38:31,-14.47,132.27,80.6,47,0,12.75
387,Hami,CN,2020-06-15 00:34:55,42.8,93.45,84.27,15,84,11.83
388,Lebu,CL,2020-06-15 00:38:32,-37.62,-73.65,47.86,70,100,6.73
389,Bantogon,PH,2020-06-15 00:38:32,6.53,124.03,83.26,68,100,3.13
390,Solnechnyy,RU,2020-06-15 00:38:32,50.72,136.63,52.45,66,100,10.07
391,Omsukchan,RU,2020-06-15 00:38:32,62.53,155.8,72.86,27,83,2.17
392,Jibuti,DJ,2020-06-15 00:35:29,11.5,42.5,86.81,40,84,4.81
393,Uetze,DE,2020-06-15 00:38:33,52.47,10.2,62.6,82,20,5.82
394,Guiratinga,BR,2020-06-15 00:38:33,-16.35,-53.76,70.14,55,0,4.52
395,Buala,SB,2020-06-15 00:36:06,-8.14,159.59,83.5,77,95,10.74
396,Thinadhoo,MV,2020-06-15 00:36:10,0.53,72.93,83.82,77,0,13.58
397,Zaysan,KZ,2020-06-15 00:38:34,47.47,84.87,73.17,35,100,5.19
398,Rajura,IN,2020-06-15 00:38:34,19.78,79.37,85.15,69,100,6.71
399,Yumen,CN,2020-06-15 00:38:34,40.28,97.2,75.94,20,100,14.03
400,Olafsvik,IS,2020-06-15 00:38:34,64.89,-23.71,48.78,95,100,19.77
401,San Miguelito,PA,2020-06-15 00:38:34,9.03,-79.5,84.2,79,68,5.82
402,Avera,US,2020-06-15 00:38:35,33.19,-82.53,78.8,47,1,4.7
403,Hofn,IS,2020-06-15 00:38:35,64.25,-15.21,49.6,84,0,13.67
404,Misratah,LY,2020-06-15 00:38:35,32.38,15.09,72.32,75,0,21.65
405,Marienburg,PL,2020-06-15 00:38:35,54.04,19.03,57.0,100,75,3.8
406,Talara,PE,2020-06-15 00:38:35,-4.58,-81.27,65.08,84,46,11.36
407,Ojinaga,MX,2020-06-15 00:38:36,29.57,-104.42,95.0,11,1,14.99
408,Sherwood,US,2020-06-15 00:36:27,34.82,-92.22,89.6,40,40,4.7
409,Jumla,NP,2020-06-15 00:35:08,29.27,82.18,62.92,61,43,1.32
410,Belmonte,BR,2020-06-15 00:35:26,-15.86,-38.88,73.4,78,20,1.12
411,Shizuishan,CN,2020-06-15 00:38:36,39.23,106.77,78.96,22,71,11.65
412,Praia Da Vitoria,PT,2020-06-15 00:36:03,38.73,-27.07,60.8,82,40,11.92
413,Okitipupa,NG,2020-06-15 00:38:37,6.5,4.78,74.57,98,100,1.9
414,Saint Anthony,US,2020-06-15 00:34:06,45.02,-93.22,75.2,38,1,19.46
415,Severomuysk,RU,2020-06-15 00:38:37,56.15,113.43,58.39,62,0,2.06
416,Palghar,IN,2020-06-15 00:38:38,19.68,72.75,82.4,88,40,3.36
417,Porto Novo,BJ,2020-06-15 00:38:38,6.5,2.6,80.6,88,40,12.75
418,Lorengau,PG,2020-06-15 00:38:38,-2.02,147.27,85.77,71,98,10.11
419,Paka,MY,2020-06-15 00:38:38,4.64,103.44,80.6,94,20,6.33
420,Naze,JP,2020-06-15 00:35:31,28.37,129.48,87.8,74,75,12.75
421,Hirara,JP,2020-06-15 00:38:39,24.8,125.28,86.0,83,40,16.11
422,Martapura,ID,2020-06-15 00:38:39,-3.42,114.85,83.59,76,14,1.97
423,Banjar,ID,2020-06-15 00:38:39,-8.19,114.97,82.4,100,75,12.75
424,Itamarandiba,BR,2020-06-15 00:38:39,-17.86,-42.86,56.97,89,0,3.67
425,Labuhan,ID,2020-06-15 00:38:39,-6.88,112.21,82.54,78,79,9.53
426,Kasulu,TZ,2020-06-15 00:38:40,-4.58,30.1,66.2,88,40,1.57
427,Rosetta,EG,2020-06-15 00:38:40,31.4,30.42,71.6,78,0,3.36
428,Kurtamysh,RU,2020-06-15 00:38:40,54.91,64.43,49.48,72,0,6.85
429,Nipawin,CA,2020-06-15 00:38:40,53.37,-104.0,84.2,37,1,31.09
430,Makakilo City,US,2020-06-15 00:38:40,21.35,-158.09,86.0,54,75,12.75
431,Victoria,HK,2020-06-15 00:34:40,22.29,114.16,84.0,79,64,11.99
432,Olive Branch,US,2020-06-15 00:38:41,34.96,-89.83,87.8,37,20,5.39
433,Oulainen,FI,2020-06-15 00:38:41,64.27,24.8,55.99,71,99,7.02
434,Laguna,US,2020-06-15 00:38:41,38.42,-121.42,87.01,23,1,8.05
435,Maceio,BR,2020-06-15 00:38:14,-9.67,-35.74,73.4,88,20,4.7
436,Plettenberg Bay,ZA,2020-06-15 00:38:42,-34.05,23.37,56.82,86,100,6.42
437,Pamanukan,ID,2020-06-15 00:38:42,-6.28,107.81,82.51,73,99,3.91
438,Roberval,CA,2020-06-15 00:38:42,48.52,-72.23,57.2,44,20,2.24
439,Muros,ES,2020-06-15 00:38:42,42.78,-9.06,60.01,86,24,7.0
440,Grand-Santi,GF,2020-06-15 00:38:42,4.25,-54.38,74.91,93,100,1.92
441,Trapani,IT,2020-06-15 00:38:43,37.83,12.67,73.99,88,74,3.36
442,Araouane,ML,2020-06-15 00:38:43,18.9,-3.53,100.62,10,0,16.13
443,General Roca,AR,2020-06-15 00:38:43,-39.03,-67.58,37.4,53,74,4.45
444,Nikolskoye,RU,2020-06-15 00:38:43,59.7,30.79,53.6,81,9,6.71
445,Rocha,UY,2020-06-15 00:38:43,-34.48,-54.33,40.66,71,0,4.27
446,Estepona,ES,2020-06-15 00:38:44,36.43,-5.15,66.2,72,0,17.22
447,Tiarei,PF,2020-06-15 00:38:44,-17.53,-149.33,87.8,62,75,4.7
448,Ciudad Bolivar,VE,2020-06-15 00:38:44,8.12,-63.55,83.73,65,53,10.22
449,Timra,SE,2020-06-15 00:38:44,62.49,17.33,57.99,100,0,3.36
450,Palkonda,IN,2020-06-15 00:38:45,18.6,83.75,85.17,75,100,2.46
451,Kannauj,IN,2020-06-15 00:38:45,27.05,79.92,91.76,49,0,7.72
452,Camocim,BR,2020-06-15 00:38:45,-2.9,-40.84,76.84,86,47,9.06
453,Mutis,CO,2020-06-15 00:38:45,6.23,-77.4,79.9,80,100,5.46
454,Southampton,GB,2020-06-15 00:36:33,50.9,-1.4,54.0,75,100,1.28
455,Serdobsk,RU,2020-06-15 00:38:46,52.46,44.22,50.95,83,95,10.58
456,Denpasar,ID,2020-06-15 00:35:50,-8.65,115.22,82.4,100,75,12.75
457,Puerto Escondido,MX,2020-06-15 00:38:46,15.85,-97.07,84.2,74,90,3.62
458,Rockhampton,AU,2020-06-15 00:38:46,-23.38,150.5,71.6,73,20,8.05
459,Port Hawkesbury,CA,2020-06-15 00:38:47,45.62,-61.35,51.01,93,90,2.24
460,Mineiros,BR,2020-06-15 00:38:47,-17.57,-52.55,65.25,65,0,4.21
461,Negara,ID,2020-06-15 00:38:47,-8.32,114.6,82.02,77,19,6.29
462,Kununurra,AU,2020-06-15 00:34:04,-15.77,128.73,80.6,26,0,17.22
463,Talnakh,RU,2020-06-15 00:38:47,69.49,88.4,46.4,70,100,22.37
464,Kamyshin,RU,2020-06-15 00:38:48,50.1,45.42,58.17,76,78,12.68
465,Alofi,NU,2020-06-15 00:38:48,-19.06,-169.92,73.4,78,87,19.46
466,Sola,VU,2020-06-15 00:38:48,-13.88,167.55,84.2,74,75,21.92
467,Upington,ZA,2020-06-15 00:38:48,-28.45,21.26,37.4,29,0,5.32
468,Vuktyl,RU,2020-06-15 00:38:48,63.86,57.31,57.36,68,87,7.43
469,Samana,DO,2020-06-15 00:38:49,19.21,-69.34,78.8,100,75,7.31
470,San Cristobal,VE,2020-06-15 00:38:49,7.77,-72.22,89.6,43,40,17.22
471,Aleksandrovsk-Sakhalinskiy,RU,2020-06-15 00:38:49,50.9,142.16,49.39,75,93,7.56
472,Lakatoro,VU,2020-06-15 00:38:49,-16.1,167.42,82.4,69,40,8.05
473,Mahina,PF,2020-06-15 00:38:49,-17.51,-149.49,87.8,62,75,4.7
474,Kavaratti,IN,2020-06-15 00:38:50,10.57,72.64,85.17,77,100,22.57
475,Kalemie,CD,2020-06-15 00:38:50,-5.95,29.19,66.7,63,0,1.79
476,Brewster,US,2020-06-15 00:38:50,41.4,-73.62,62.01,67,1,4.7
477,Port Victoria,KE,2020-06-15 00:38:50,0.09,33.98,67.66,82,20,7.29
478,Timbiqui,CO,2020-06-15 00:38:50,2.77,-77.67,76.89,92,100,3.33
479,Antalaha,MG,2020-06-15 00:38:51,-14.9,50.28,70.54,74,100,9.15
480,Yerbogachen,RU,2020-06-15 00:34:15,61.28,108.01,69.12,65,90,13.65
481,Valverde Del Camino,ES,2020-06-15 00:38:51,37.58,-6.75,64.99,51,0,5.01
482,Bardiyah,LY,2020-06-15 00:38:51,31.76,25.09,70.11,69,0,4.81
483,Poshekhonye,RU,2020-06-15 00:38:51,58.5,39.14,50.52,91,0,4.7
484,Bonavista,CA,2020-06-15 00:38:52,48.65,-53.11,43.0,82,100,1.99
485,Olavarria,AR,2020-06-15 00:38:52,-36.89,-60.32,44.01,55,0,3.0
486,Scarborough,GB,2020-06-15 00:38:52,54.28,-0.4,57.0,93,100,2.98
487,Tongzi,CN,2020-06-15 00:38:52,28.78,105.09,83.89,65,1,0.74
488,Methoni,GR,2020-06-15 00:38:52,36.82,21.7,73.0,68,0,5.82
489,Ambilobe,MG,2020-06-15 00:38:53,-13.2,49.05,69.12,65,43,2.35
490,Lisakovsk,KZ,2020-06-15 00:38:53,52.54,62.49,50.34,63,0,5.26
491,Chara,RU,2020-06-15 00:38:53,56.91,118.26,64.87,48,100,4.83
492,Sakakah,SA,2020-06-15 00:38:53,29.97,40.21,86.0,11,20,11.41
493,Jacala,MX,2020-06-15 00:38:53,21.02,-99.18,60.24,88,47,3.87
494,Sinnamary,GF,2020-06-15 00:38:53,5.38,-52.95,78.44,84,48,4.09
495,Trofors,NO,2020-06-15 00:38:54,65.53,13.41,53.6,93,75,2.24
496,Syriam,MM,2020-06-15 00:38:54,16.77,96.24,77.0,94,75,3.36
497,Nouna,BF,2020-06-15 00:38:54,12.73,-3.87,91.87,36,87,15.3
498,Biltine,TD,2020-06-15 00:34:09,14.53,20.92,81.73,33,93,4.32
499,Neryungri,RU,2020-06-15 00:35:03,56.67,124.65,60.39,61,90,10.78
500,Mananjary,MG,2020-06-15 00:38:55,-21.22,48.33,64.42,92,87,8.3
501,Margate,GB,2020-06-15 00:38:55,51.38,1.39,61.0,72,67,1.99
502,Sabratah,LY,2020-06-15 00:35:36,32.79,12.49,70.65,77,0,7.7
503,Barreirinha,BR,2020-06-15 00:38:55,-2.79,-57.07,76.24,85,81,1.86
504,Karatsu,JP,2020-06-15 00:38:55,33.44,129.97,81.0,83,75,6.93
505,Urdoma,RU,2020-06-15 00:38:56,61.75,48.54,52.63,79,31,4.81
506,Penzberg,DE,2020-06-15 00:38:56,47.75,11.38,54.0,97,100,3.0
507,Aswan,EG,2020-06-15 00:38:56,24.09,32.91,81.01,21,0,14.12
508,Turukhansk,RU,2020-06-15 00:38:56,65.82,87.98,52.65,76,100,4.56
509,Lonavale,IN,2020-06-15 00:38:57,18.75,73.42,82.4,88,40,3.36
510,Maues,BR,2020-06-15 00:38:23,-3.38,-57.72,75.97,78,64,1.74
511,Lom,BG,2020-06-15 00:38:57,43.81,23.24,65.44,72,100,6.15
512,Qui Nhon,VN,2020-06-15 00:35:48,13.77,109.23,81.41,79,100,11.5
513,Eureka,US,2020-06-15 00:38:57,40.8,-124.16,66.99,49,100,3.4
514,Yulara,AU,2020-06-15 00:38:58,-25.24,130.99,57.2,47,2,10.29
515,Mogzon,RU,2020-06-15 00:38:58,51.74,111.96,70.29,46,0,3.65
516,Chake Chake,TZ,2020-06-15 00:38:58,-5.25,39.77,76.98,72,5,12.08
517,Rabat,MA,2020-06-15 00:34:58,33.99,-6.84,66.0,87,0,5.82
518,Tomaszow Lubelski,PL,2020-06-15 00:38:59,50.45,23.42,59.0,93,19,6.35
519,Elko,US,2020-06-15 00:38:59,41.0,-115.5,71.6,17,1,16.11
520,Kingisepp,RU,2020-06-15 00:38:59,59.37,28.61,54.55,78,96,5.21
521,Tautira,PF,2020-06-15 00:38:59,-17.73,-149.15,87.8,62,75,4.7
522,Santiago Del Estero,AR,2020-06-15 00:38:59,-27.8,-64.26,56.14,37,3,11.25
523,Severnyy,RU,2020-06-15 00:38:59,50.68,36.55,64.4,88,75,13.42
524,Abu Samrah,SY,2020-06-15 00:35:00,35.3,37.18,63.59,69,0,6.55
525,Qasigiannguit,GL,2020-06-15 00:39:00,68.82,-51.19,33.8,74,100,9.17
526,Ascension,US,2020-06-15 00:39:00,30.22,-90.9,86.0,58,1,3.36
527,Vaitape,PF,2020-06-15 00:39:00,-16.52,-151.75,80.04,79,100,8.43
528,Helong,CN,2020-06-15 00:39:00,42.54,129.0,70.09,37,26,17.74
529,Santiago De Cuba,CU,2020-06-15 00:39:01,20.02,-75.82,78.8,74,75,9.17
530,Auki,SB,2020-06-15 00:34:48,-8.77,160.7,84.88,70,100,4.85
531,Doha,QA,2020-06-15 00:36:44,25.29,51.53,91.4,38,0,13.87
532,Sao Raimundo Das Mangabeiras,BR,2020-06-15 00:39:01,-7.02,-45.48,78.84,66,51,5.08
533,Eyl,SO,2020-06-15 00:39:01,7.98,49.82,82.74,57,59,26.82
534,Agirish,RU,2020-06-15 00:39:02,61.92,63.02,49.68,65,73,7.07
535,Tabou,CI,2020-06-15 00:39:02,4.42,-7.35,78.22,86,100,7.83
536,Gat,IL,2020-06-15 00:39:02,31.61,34.76,71.01,81,0,3.02
537,Acajutla,SV,2020-06-15 00:35:31,13.59,-89.83,75.99,98,32,0.63
538,Yatou,CN,2020-06-15 00:39:02,37.15,122.38,79.95,38,82,7.34
539,Vavoua,CI,2020-06-15 00:39:03,7.38,-6.48,72.21,98,58,4.12
540,Okato,NZ,2020-06-15 00:39:03,-39.2,173.88,57.99,87,96,10.0
541,Dalvik,IS,2020-06-15 00:37:51,65.97,-18.53,51.8,71,4,17.22
542,Semiluki,RU,2020-06-15 00:39:03,51.69,39.03,59.0,72,100,11.18
